Model,Model_Name,human_gene_symbol_mygene,human_ensembl_gene_id,mouse_gene_name_Biomart,mouse_ensembl_gene_id_Biomart,hgnc_symbol_Biomart
AHR_HUMAN.H11MO.0.B,AHR,AHR,ENSG00000106546,Ahr,ENSMUSG00000019256,AHR
AIRE_HUMAN.H11MO.0.C,AIRE,AIRE,ENSG00000160224,Aire,ENSMUSG00000000731,AIRE
ALX1_HUMAN.H11MO.0.B,ALX1,ALX1,ENSG00000180318,Alx1,ENSMUSG00000036602,ALX1
ANDR_HUMAN.H11MO.0.A,ANDR,AR,ENSG00000169083,Ar,ENSMUSG00000046532,AR
AP2A_HUMAN.H11MO.0.A,AP2A,TFAP2A,ENSG00000137203,Tfap2a,ENSMUSG00000021359,TFAP2A
AP2B_HUMAN.H11MO.0.B,AP2B,TFAP2B,ENSG00000008196,Tfap2b,ENSMUSG00000025927,TFAP2B
AP2C_HUMAN.H11MO.0.A,AP2C,TFAP2C,ENSG00000087510,Tfap2c,ENSMUSG00000028640,TFAP2C
ARI5B_HUMAN.H11MO.0.C,ARI5B,ARID5B,ENSG00000150347,Arid5b,ENSMUSG00000019947,ARID5B
ARNT_HUMAN.H11MO.0.B,ARNT,ARNT,ENSG00000143437,Arnt,ENSMUSG00000015522,ARNT
ASCL1_HUMAN.H11MO.0.A,ASCL1,ASCL1,ENSG00000139352,Ascl1,ENSMUSG00000020052,ASCL1
ATF1_HUMAN.H11MO.0.B,ATF1,ATF1,ENSG00000123268,Atf1,ENSMUSG00000023027,ATF1
ATF2_HUMAN.H11MO.0.B,ATF2,ATF2,ENSG00000115966,Atf2,ENSMUSG00000027104,ATF2
ATF3_HUMAN.H11MO.0.A,ATF3,ATF3,ENSG00000162772,Atf3,ENSMUSG00000026628,ATF3
ATF4_HUMAN.H11MO.0.A,ATF4,ATF4,ENSG00000128272,Atf4,ENSMUSG00000042406,ATF4
ATF6A_HUMAN.H11MO.0.B,ATF6A,ATF6,ENSG00000118217,Atf6,ENSMUSG00000026663,ATF6
ATOH1_HUMAN.H11MO.0.B,ATOH1,ATOH1,ENSG00000172238,Atoh1,ENSMUSG00000073043,ATOH1
BACH1_HUMAN.H11MO.0.A,BACH1,BACH1,ENSG00000156273,Bach1,ENSMUSG00000025612,BACH1
BACH2_HUMAN.H11MO.0.A,BACH2,BACH2,ENSG00000112182,Bach2,ENSMUSG00000040270,BACH2
BATF3_HUMAN.H11MO.0.B,BATF3,BATF3,ENSG00000123685,Batf3,ENSMUSG00000026630,BATF3
BATF_HUMAN.H11MO.0.A,BATF,BATF,ENSG00000156127,Batf,ENSMUSG00000034266,BATF
BC11A_HUMAN.H11MO.0.A,BC11A,BCL11A,ENSG00000119866,Bcl11a,ENSMUSG00000000861,BCL11A
BCL6_HUMAN.H11MO.0.A,BCL6,BCL6,ENSG00000113916,Bcl6,ENSMUSG00000022508,BCL6
BHA15_HUMAN.H11MO.0.B,BHA15,BHLHA15,ENSG00000180535,Bhlha15,ENSMUSG00000052271,BHLHA15
BHE40_HUMAN.H11MO.0.A,BHE40,BHLHE40,ENSG00000134107,Bhlhe40,ENSMUSG00000030103,BHLHE40
BMAL1_HUMAN.H11MO.0.A,BMAL1,ARNTL,ENSG00000133794,Arntl,ENSMUSG00000055116,ARNTL
BRAC_HUMAN.H11MO.0.A,BRAC,TBXT,ENSG00000164458,T,ENSMUSG00000062327,TBXT
CDX1_HUMAN.H11MO.0.C,CDX1,CDX1,ENSG00000113722,Cdx1,ENSMUSG00000024619,CDX1
CDX2_HUMAN.H11MO.0.A,CDX2,CDX2,ENSG00000165556,Cdx2,ENSMUSG00000029646,CDX2
CEBPA_HUMAN.H11MO.0.A,CEBPA,CEBPA,ENSG00000245848,Cebpa,ENSMUSG00000034957,CEBPA
CEBPB_HUMAN.H11MO.0.A,CEBPB,CEBPB,ENSG00000172216,Cebpb,ENSMUSG00000056501,CEBPB
CEBPD_HUMAN.H11MO.0.C,CEBPD,CEBPD,ENSG00000221869,Cebpd,ENSMUSG00000071637,CEBPD
CEBPE_HUMAN.H11MO.0.A,CEBPE,CEBPE,ENSG00000092067,Cebpe,ENSMUSG00000052435,CEBPE
CEBPG_HUMAN.H11MO.0.B,CEBPG,CEBPG,ENSG00000153879,Cebpg,ENSMUSG00000056216,CEBPG
CLOCK_HUMAN.H11MO.0.C,CLOCK,CLOCK,ENSG00000134852,Clock,ENSMUSG00000029238,CLOCK
COE1_HUMAN.H11MO.0.A,COE1,EBF1,ENSG00000164330,Ebf1,ENSMUSG00000057098,EBF1
COT1_HUMAN.H11MO.0.C,COT1,NR2F1,ENSG00000175745,Nr2f1,ENSMUSG00000069171,NR2F1
COT2_HUMAN.H11MO.0.A,COT2,NR2F2,ENSG00000185551,Nr2f2,ENSMUSG00000030551,NR2F2
CREB1_HUMAN.H11MO.0.A,CREB1,CREB1,ENSG00000118260,Creb1,ENSMUSG00000025958,CREB1
CREM_HUMAN.H11MO.0.C,CREM,CREM,ENSG00000095794,Crem,ENSMUSG00000063889,CREM
CRX_HUMAN.H11MO.0.B,CRX,CRX,ENSG00000105392,Crx,ENSMUSG00000041578,CRX
CTCFL_HUMAN.H11MO.0.A,CTCFL,CTCFL,ENSG00000124092,Ctcfl,ENSMUSG00000070495,CTCFL
CTCF_HUMAN.H11MO.0.A,CTCF,CTCF,ENSG00000102974,Ctcf,ENSMUSG00000005698,CTCF
CUX1_HUMAN.H11MO.0.C,CUX1,CUX1,ENSG00000257923,Cux1,ENSMUSG00000029705,CUX1
DBP_HUMAN.H11MO.0.B,DBP,DBP,ENSG00000105516,Dbp,ENSMUSG00000059824,DBP
DLX3_HUMAN.H11MO.0.C,DLX3,DLX3,ENSG00000064195,Dlx3,ENSMUSG00000001510,DLX3
DUX4_HUMAN.H11MO.0.A,DUX4,DUX4,ENSG00000260596,Duxbl1,ENSMUSG00000048502,DUX4
E2F1_HUMAN.H11MO.0.A,E2F1,E2F1,ENSG00000101412,E2f1,ENSMUSG00000027490,E2F1
E2F2_HUMAN.H11MO.0.B,E2F2,E2F2,ENSG00000282899,,,E2F2
E2F3_HUMAN.H11MO.0.A,E2F3,E2F3,ENSG00000112242,E2f3,ENSMUSG00000016477,E2F3
E2F4_HUMAN.H11MO.0.A,E2F4,E2F4,ENSG00000205250,E2f4,ENSMUSG00000014859,E2F4
E2F5_HUMAN.H11MO.0.B,E2F5,E2F5,ENSG00000133740,E2f5,ENSMUSG00000027552,E2F5
E2F6_HUMAN.H11MO.0.A,E2F6,E2F6,ENSG00000169016,E2f6,ENSMUSG00000057469,E2F6
E2F7_HUMAN.H11MO.0.B,E2F7,E2F7,ENSG00000165891,E2f7,ENSMUSG00000020185,E2F7
EGR1_HUMAN.H11MO.0.A,EGR1,EGR1,ENSG00000120738,Egr1,ENSMUSG00000038418,EGR1
EGR2_HUMAN.H11MO.0.A,EGR2,EGR2,ENSG00000122877,Egr2,ENSMUSG00000037868,EGR2
EHF_HUMAN.H11MO.0.B,EHF,EHF,ENSG00000135373,Ehf,ENSMUSG00000012350,EHF
ELF1_HUMAN.H11MO.0.A,ELF1,ELF1,ENSG00000120690,Elf1,ENSMUSG00000036461,ELF1
ELF2_HUMAN.H11MO.0.C,ELF2,ELF2,ENSG00000109381,Elf2,ENSMUSG00000037174,ELF2
ELF3_HUMAN.H11MO.0.A,ELF3,ELF3,ENSG00000163435,Elf3,ENSMUSG00000003051,ELF3
ELF5_HUMAN.H11MO.0.A,ELF5,ELF5,ENSG00000135374,Elf5,ENSMUSG00000027186,ELF5
ELK1_HUMAN.H11MO.0.B,ELK1,ELK1,ENSG00000126767,Elk1,ENSMUSG00000009406,ELK1
ELK4_HUMAN.H11MO.0.A,ELK4,ELK4,ENSG00000158711,Elk4,ENSMUSG00000026436,ELK4
EPAS1_HUMAN.H11MO.0.B,EPAS1,EPAS1,ENSG00000116016,Epas1,ENSMUSG00000024140,EPAS1
ERG_HUMAN.H11MO.0.A,ERG,ERG,ENSG00000157554,Erg,ENSMUSG00000040732,ERG
ERR1_HUMAN.H11MO.0.A,ERR1,ESRRA,ENSG00000173153,Esrra,ENSMUSG00000024955,ESRRA
ERR2_HUMAN.H11MO.0.A,ERR2,ESRRB,ENSG00000119715,Esrrb,ENSMUSG00000021255,ESRRB
ERR3_HUMAN.H11MO.0.B,ERR3,ESRRG,ENSG00000196482,Esrrg,ENSMUSG00000026610,ESRRG
ESR1_HUMAN.H11MO.0.A,ESR1,ESR1,ENSG00000091831,Esr1,ENSMUSG00000019768,ESR1
ESR2_HUMAN.H11MO.0.A,ESR2,ESR2,ENSG00000140009,Esr2,ENSMUSG00000021055,ESR2
ETS1_HUMAN.H11MO.0.A,ETS1,ETS1,ENSG00000134954,Ets1,ENSMUSG00000032035,ETS1
ETS2_HUMAN.H11MO.0.B,ETS2,ETS2,ENSG00000157557,Ets2,ENSMUSG00000022895,ETS2
ETV1_HUMAN.H11MO.0.A,ETV1,ETV1,ENSG00000006468,Etv1,ENSMUSG00000004151,ETV1
ETV2_HUMAN.H11MO.0.B,ETV2,ETV2,ENSG00000105672,Etv2,ENSMUSG00000006311,ETV2
ETV4_HUMAN.H11MO.0.B,ETV4,ETV4,ENSG00000175832,Etv4,ENSMUSG00000017724,ETV4
ETV5_HUMAN.H11MO.0.C,ETV5,ETV5,ENSG00000244405,Etv5,ENSMUSG00000013089,ETV5
EVI1_HUMAN.H11MO.0.B,EVI1,MECOM,ENSG00000085276,Mecom,ENSMUSG00000027684,MECOM
FEV_HUMAN.H11MO.0.B,FEV,FEV,ENSG00000163497,Fev,ENSMUSG00000055197,FEV
FEZF1_HUMAN.H11MO.0.C,FEZF1,FEZF1,ENSG00000128610,Fezf1,ENSMUSG00000029697,FEZF1
FLI1_HUMAN.H11MO.0.A,FLI1,FLI1,ENSG00000151702,Fli1,ENSMUSG00000016087,FLI1
FOSB_HUMAN.H11MO.0.A,FOSB,FOSB,ENSG00000125740,Fosb,ENSMUSG00000003545,FOSB
FOSL1_HUMAN.H11MO.0.A,FOSL1,FOSL1,ENSG00000175592,Fosl1,ENSMUSG00000024912,FOSL1
FOSL2_HUMAN.H11MO.0.A,FOSL2,FOSL2,ENSG00000075426,Fosl2,ENSMUSG00000029135,FOSL2
FOS_HUMAN.H11MO.0.A,FOS,FOS,ENSG00000170345,Fos,ENSMUSG00000021250,FOS
FOXA1_HUMAN.H11MO.0.A,FOXA1,FOXA1,ENSG00000129514,Foxa1,ENSMUSG00000035451,FOXA1
FOXA2_HUMAN.H11MO.0.A,FOXA2,FOXA2,ENSG00000125798,Foxa2,ENSMUSG00000037025,FOXA2
FOXA3_HUMAN.H11MO.0.B,FOXA3,FOXA3,ENSG00000170608,Foxa3,ENSMUSG00000040891,FOXA3
FOXC1_HUMAN.H11MO.0.C,FOXC1,FOXC1,ENSG00000054598,Foxc1,ENSMUSG00000050295,FOXC1
FOXH1_HUMAN.H11MO.0.A,FOXH1,FOXH1,ENSG00000160973,Foxh1,ENSMUSG00000033837,FOXH1
FOXI1_HUMAN.H11MO.0.B,FOXI1,FOXI1,ENSG00000168269,Foxi1,ENSMUSG00000047861,FOXI1
FOXJ2_HUMAN.H11MO.0.C,FOXJ2,FOXJ2,ENSG00000065970,Foxj2,ENSMUSG00000003154,FOXJ2
FOXJ3_HUMAN.H11MO.0.A,FOXJ3,FOXJ3,ENSG00000198815,Foxj3,ENSMUSG00000032998,FOXJ3
FOXK1_HUMAN.H11MO.0.A,FOXK1,FOXK1,ENSG00000164916,Foxk1,ENSMUSG00000056493,FOXK1
FOXM1_HUMAN.H11MO.0.A,FOXM1,FOXM1,ENSG00000111206,Foxm1,ENSMUSG00000001517,FOXM1
FOXO1_HUMAN.H11MO.0.A,FOXO1,FOXO1,ENSG00000150907,Foxo1,ENSMUSG00000044167,FOXO1
FOXO3_HUMAN.H11MO.0.B,FOXO3,FOXO3,ENSG00000118689,Foxo3,ENSMUSG00000048756,FOXO3
FOXO4_HUMAN.H11MO.0.C,FOXO4,FOXO4,ENSG00000184481,Foxo4,ENSMUSG00000042903,FOXO4
FOXP1_HUMAN.H11MO.0.A,FOXP1,FOXP1,ENSG00000114861,Foxp1,ENSMUSG00000030067,FOXP1
FOXP2_HUMAN.H11MO.0.C,FOXP2,FOXP2,ENSG00000128573,Foxp2,ENSMUSG00000029563,FOXP2
FOXQ1_HUMAN.H11MO.0.C,FOXQ1,FOXQ1,ENSG00000164379,Foxq1,ENSMUSG00000038415,FOXQ1
GABPA_HUMAN.H11MO.0.A,GABPA,GABPA,ENSG00000154727,Gabpa,ENSMUSG00000008976,GABPA
GATA1_HUMAN.H11MO.0.A,GATA1,GATA1,ENSG00000102145,Gata1,ENSMUSG00000031162,GATA1
GATA2_HUMAN.H11MO.0.A,GATA2,GATA2,ENSG00000179348,Gata2,ENSMUSG00000015053,GATA2
GATA3_HUMAN.H11MO.0.A,GATA3,GATA3,ENSG00000107485,Gata3,ENSMUSG00000015619,GATA3
GATA4_HUMAN.H11MO.0.A,GATA4,GATA4,ENSG00000285109,,,GATA4
GATA6_HUMAN.H11MO.0.A,GATA6,GATA6,ENSG00000141448,Gata6,ENSMUSG00000005836,GATA6
GCR_HUMAN.H11MO.0.A,GCR,NR3C1,ENSG00000113580,Nr3c1,ENSMUSG00000024431,NR3C1
GFI1B_HUMAN.H11MO.0.A,GFI1B,GFI1B,ENSG00000165702,Gfi1b,ENSMUSG00000026815,GFI1B
GFI1_HUMAN.H11MO.0.C,GFI1,GFI1,ENSG00000162676,Gfi1,ENSMUSG00000029275,GFI1
GLI3_HUMAN.H11MO.0.B,GLI3,GLI3,ENSG00000106571,Gli3,ENSMUSG00000021318,GLI3
GRHL2_HUMAN.H11MO.0.A,GRHL2,GRHL2,ENSG00000083307,Grhl2,ENSMUSG00000022286,GRHL2
HEN1_HUMAN.H11MO.0.C,HEN1,NHLH1,ENSG00000171786,Nhlh1,ENSMUSG00000051251,NHLH1
HIC1_HUMAN.H11MO.0.C,HIC1,HIC1,ENSG00000177374,Hic1,ENSMUSG00000043099,HIC1
HIF1A_HUMAN.H11MO.0.C,HIF1A,HIF1A,ENSG00000100644,Hif1a,ENSMUSG00000021109,HIF1A
HINFP_HUMAN.H11MO.0.C,HINFP,HINFP,ENSG00000172273,Hinfp,ENSMUSG00000032119,HINFP
HLF_HUMAN.H11MO.0.C,HLF,HLF,ENSG00000108924,Hlf,ENSMUSG00000003949,HLF
HNF1A_HUMAN.H11MO.0.C,HNF1A,HNF1A,ENSG00000135100,Hnf1a,ENSMUSG00000029556,HNF1A
HNF1B_HUMAN.H11MO.0.A,HNF1B,HNF1B,ENSG00000275410,Hnf1b,ENSMUSG00000020679,HNF1B
HNF4A_HUMAN.H11MO.0.A,HNF4A,HNF4A,ENSG00000101076,Hnf4a,ENSMUSG00000017950,HNF4A
HNF4G_HUMAN.H11MO.0.B,HNF4G,HNF4G,ENSG00000164749,Hnf4g,ENSMUSG00000017688,HNF4G
HNF6_HUMAN.H11MO.0.B,HNF6,ONECUT1,ENSG00000169856,Onecut1,ENSMUSG00000043013,ONECUT1
HSF1_HUMAN.H11MO.0.A,HSF1,HSF1,ENSG00000284774,,,HSF1
HSF2_HUMAN.H11MO.0.A,HSF2,HSF2,ENSG00000025156,Hsf2,ENSMUSG00000019878,HSF2
HTF4_HUMAN.H11MO.0.A,HTF4,TCF12,ENSG00000140262,Tcf12,ENSMUSG00000032228,TCF12
HXA10_HUMAN.H11MO.0.C,HXA10,HOXA10,ENSG00000253293,Hoxa10,ENSMUSG00000000938,HOXA10
HXA13_HUMAN.H11MO.0.C,HXA13,HOXA13,ENSG00000106031,Hoxa13,ENSMUSG00000038203,HOXA13
HXA1_HUMAN.H11MO.0.C,HXA1,HOXA1,ENSG00000105991,Hoxa1,ENSMUSG00000029844,HOXA1
HXA9_HUMAN.H11MO.0.B,HXA9,HOXA9,ENSG00000078399,Hoxa9,ENSMUSG00000038227,HOXA9
HXB13_HUMAN.H11MO.0.A,HXB13,HOXB13,ENSG00000159184,Hoxb13,ENSMUSG00000049604,HOXB13
HXB4_HUMAN.H11MO.0.B,HXB4,HOXB4,ENSG00000182742,Hoxb4,ENSMUSG00000038692,HOXB4
HXB7_HUMAN.H11MO.0.C,HXB7,HOXB7,ENSG00000260027,Hoxb7,ENSMUSG00000038721,HOXB7
HXB8_HUMAN.H11MO.0.C,HXB8,HOXB8,ENSG00000120068,Hoxb8,ENSMUSG00000056648,HOXB8
HXC9_HUMAN.H11MO.0.C,HXC9,HOXC9,ENSG00000180806,Hoxc9,ENSMUSG00000036139,HOXC9
IKZF1_HUMAN.H11MO.0.C,IKZF1,IKZF1,ENSG00000185811,Ikzf1,ENSMUSG00000018654,IKZF1
INSM1_HUMAN.H11MO.0.C,INSM1,INSM1,ENSG00000173404,Insm1,ENSMUSG00000068154,INSM1
IRF1_HUMAN.H11MO.0.A,IRF1,IRF1,ENSG00000125347,Irf1,ENSMUSG00000018899,IRF1
IRF2_HUMAN.H11MO.0.A,IRF2,IRF2,ENSG00000168310,Irf2,ENSMUSG00000031627,IRF2
IRF3_HUMAN.H11MO.0.B,IRF3,IRF3,ENSG00000126456,Irf3,ENSMUSG00000003184,IRF3
IRF4_HUMAN.H11MO.0.A,IRF4,IRF4,ENSG00000137265,Irf4,ENSMUSG00000021356,IRF4
IRF7_HUMAN.H11MO.0.C,IRF7,IRF7,ENSG00000185507,Irf7,ENSMUSG00000025498,IRF7
IRF8_HUMAN.H11MO.0.B,IRF8,IRF8,ENSG00000140968,Irf8,ENSMUSG00000041515,IRF8
IRF9_HUMAN.H11MO.0.C,IRF9,IRF9,ENSG00000285048,,,IRF9
ISL1_HUMAN.H11MO.0.A,ISL1,ISL1,ENSG00000016082,Isl1,ENSMUSG00000042258,ISL1
ITF2_HUMAN.H11MO.0.C,ITF2,TCF4,ENSG00000196628,Tcf4,ENSMUSG00000053477,TCF4
JUNB_HUMAN.H11MO.0.A,JUNB,JUNB,ENSG00000171223,Junb,ENSMUSG00000052837,JUNB
JUND_HUMAN.H11MO.0.A,JUND,JUND,ENSG00000130522,Jund,ENSMUSG00000071076,JUND
JUN_HUMAN.H11MO.0.A,JUN,JUN,ENSG00000177606,Jun,ENSMUSG00000052684,JUN
KAISO_HUMAN.H11MO.0.A,KAISO,ZBTB33,ENSG00000177485,Zbtb33,ENSMUSG00000048047,ZBTB33
KLF12_HUMAN.H11MO.0.C,KLF12,KLF12,ENSG00000118922,Klf12,ENSMUSG00000072294,KLF12
KLF15_HUMAN.H11MO.0.A,KLF15,KLF15,ENSG00000163884,Klf15,ENSMUSG00000030087,KLF15
KLF1_HUMAN.H11MO.0.A,KLF1,KLF1,ENSG00000105610,Klf1,ENSMUSG00000054191,KLF1
KLF3_HUMAN.H11MO.0.B,KLF3,KLF3,ENSG00000109787,Klf3,ENSMUSG00000029178,KLF3
KLF4_HUMAN.H11MO.0.A,KLF4,KLF4,ENSG00000136826,Klf4,ENSMUSG00000003032,KLF4
KLF5_HUMAN.H11MO.0.A,KLF5,KLF5,ENSG00000102554,Klf5,ENSMUSG00000005148,KLF5
KLF6_HUMAN.H11MO.0.A,KLF6,KLF6,ENSG00000067082,Klf6,ENSMUSG00000000078,KLF6
KLF8_HUMAN.H11MO.0.C,KLF8,KLF8,ENSG00000102349,Klf8,ENSMUSG00000041649,KLF8
KLF9_HUMAN.H11MO.0.C,KLF9,KLF9,ENSG00000119138,Klf9,ENSMUSG00000033863,KLF9
LEF1_HUMAN.H11MO.0.A,LEF1,LEF1,ENSG00000138795,Lef1,ENSMUSG00000027985,LEF1
LHX2_HUMAN.H11MO.0.A,LHX2,LHX2,ENSG00000106689,Lhx2,ENSMUSG00000000247,LHX2
LHX3_HUMAN.H11MO.0.C,LHX3,LHX3,ENSG00000107187,Lhx3,ENSMUSG00000026934,LHX3
LYL1_HUMAN.H11MO.0.A,LYL1,LYL1,ENSG00000104903,Lyl1,ENSMUSG00000034041,LYL1
MAFB_HUMAN.H11MO.0.B,MAFB,MAFB,ENSG00000204103,Mafb,ENSMUSG00000074622,MAFB
MAFF_HUMAN.H11MO.0.B,MAFF,MAFF,ENSG00000185022,Maff,ENSMUSG00000042622,MAFF
MAFG_HUMAN.H11MO.0.A,MAFG,MAFG,ENSG00000197063,Mafg,ENSMUSG00000051510,MAFG
MAFK_HUMAN.H11MO.0.A,MAFK,MAFK,ENSG00000198517,Mafk,ENSMUSG00000018143,MAFK
MAF_HUMAN.H11MO.0.A,MAF,MAF,ENSG00000178573,Maf,ENSMUSG00000055435,MAF
MAX_HUMAN.H11MO.0.A,MAX,MAX,ENSG00000125952,Max,ENSMUSG00000059436,MAX
MAZ_HUMAN.H11MO.0.A,MAZ,MAZ,ENSG00000103495,Maz,ENSMUSG00000030678,MAZ
MBD2_HUMAN.H11MO.0.B,MBD2,MBD2,ENSG00000134046,Mbd2,ENSMUSG00000024513,MBD2
MECP2_HUMAN.H11MO.0.C,MECP2,MECP2,ENSG00000169057,Mecp2,ENSMUSG00000031393,MECP2
MEF2A_HUMAN.H11MO.0.A,MEF2A,MEF2A,ENSG00000068305,Mef2a,ENSMUSG00000030557,MEF2A
MEF2B_HUMAN.H11MO.0.A,MEF2B,MEF2B,ENSG00000213999,Mef2b,ENSMUSG00000079033,MEF2B
MEF2C_HUMAN.H11MO.0.A,MEF2C,MEF2C,ENSG00000081189,Mef2c,ENSMUSG00000005583,MEF2C
MEF2D_HUMAN.H11MO.0.A,MEF2D,MEF2D,ENSG00000116604,Mef2d,ENSMUSG00000001419,MEF2D
MEIS1_HUMAN.H11MO.0.A,MEIS1,MEIS1,ENSG00000143995,Meis1,ENSMUSG00000020160,MEIS1
MEIS2_HUMAN.H11MO.0.B,MEIS2,MEIS2,ENSG00000134138,Meis2,ENSMUSG00000027210,MEIS2
MITF_HUMAN.H11MO.0.A,MITF,MITF,ENSG00000187098,Mitf,ENSMUSG00000035158,MITF
MTF1_HUMAN.H11MO.0.C,MTF1,MTF1,ENSG00000188786,Mtf1,ENSMUSG00000028890,MTF1
MXI1_HUMAN.H11MO.0.A,MXI1,MXI1,ENSG00000119950,Mxi1,ENSMUSG00000025025,MXI1
MYB_HUMAN.H11MO.0.A,MYB,MYB,ENSG00000118513,Myb,ENSMUSG00000019982,MYB
MYCN_HUMAN.H11MO.0.A,MYCN,MYCN,ENSG00000134323,Mycs,ENSMUSG00000044597,MYCN
MYC_HUMAN.H11MO.0.A,MYC,MYC,ENSG00000136997,Myc,ENSMUSG00000022346,MYC
MYF6_HUMAN.H11MO.0.C,MYF6,MYF6,ENSG00000111046,Myf6,ENSMUSG00000035923,MYF6
MYOD1_HUMAN.H11MO.0.A,MYOD1,MYOD1,ENSG00000129152,Myod1,ENSMUSG00000009471,MYOD1
MYOG_HUMAN.H11MO.0.B,MYOG,MYOG,ENSG00000122180,Myog,ENSMUSG00000026459,MYOG
MZF1_HUMAN.H11MO.0.B,MZF1,MZF1,ENSG00000099326,Mzf1,ENSMUSG00000030380,MZF1
NANOG_HUMAN.H11MO.0.A,NANOG,NANOG,ENSG00000111704,Nanog,ENSMUSG00000012396,NANOG
NDF1_HUMAN.H11MO.0.A,NDF1,NEUROD1,ENSG00000162992,Neurod1,ENSMUSG00000034701,NEUROD1
NDF2_HUMAN.H11MO.0.B,NDF2,NEUROD2,ENSG00000171532,Neurod2,ENSMUSG00000038255,NEUROD2
NF2L1_HUMAN.H11MO.0.C,NF2L1,NFE2L1,ENSG00000082641,Nfe2l1,ENSMUSG00000038615,NFE2L1
NF2L2_HUMAN.H11MO.0.A,NF2L2,NFE2L2,ENSG00000116044,Nfe2l2,ENSMUSG00000015839,NFE2L2
NFAC1_HUMAN.H11MO.0.B,NFAC1,NFATC1,ENSG00000131196,Nfatc1,ENSMUSG00000033016,NFATC1
NFAC2_HUMAN.H11MO.0.B,NFAC2,NFATC2,ENSG00000101096,Nfatc2,ENSMUSG00000027544,NFATC2
NFAC3_HUMAN.H11MO.0.B,NFAC3,NFATC3,ENSG00000072736,Nfatc3,ENSMUSG00000031902,NFATC3
NFAC4_HUMAN.H11MO.0.C,NFAC4,NFATC4,ENSG00000100968,Nfatc4,ENSMUSG00000023411,NFATC4
NFE2_HUMAN.H11MO.0.A,NFE2,NFE2,ENSG00000123405,Nfe2,ENSMUSG00000058794,NFE2
NFIA_HUMAN.H11MO.0.C,NFIA,NFIA,ENSG00000162599,Nfia,ENSMUSG00000028565,NFIA
NFIC_HUMAN.H11MO.0.A,NFIC,NFIC,ENSG00000141905,Nfic,ENSMUSG00000055053,NFIC
NFKB1_HUMAN.H11MO.1.B,NFKB1,NFKB1,ENSG00000109320,Nfkb1,ENSMUSG00000028163,NFKB1
NFKB2_HUMAN.H11MO.0.B,NFKB2,NFKB2,ENSG00000077150,Nfkb2,ENSMUSG00000025225,NFKB2
NFYA_HUMAN.H11MO.0.A,NFYA,NFYA,ENSG00000001167,Nfya,ENSMUSG00000023994,NFYA
NFYB_HUMAN.H11MO.0.A,NFYB,NFYB,ENSG00000120837,Nfyb,ENSMUSG00000020248,NFYB
NFYC_HUMAN.H11MO.0.A,NFYC,NFYC,ENSG00000066136,Nfyc,ENSMUSG00000032897,NFYC
NKX21_HUMAN.H11MO.0.A,NKX21,NKX2-1,ENSG00000136352,Nkx2-1,ENSMUSG00000001496,NKX2-1
NKX25_HUMAN.H11MO.0.B,NKX25,NKX2-5,ENSG00000183072,Nkx2-5,ENSMUSG00000015579,NKX2-5
NKX28_HUMAN.H11MO.0.C,NKX28,NKX2-8,ENSG00000136327,Nkx2-9,ENSMUSG00000058669,NKX2-8
NKX31_HUMAN.H11MO.0.C,NKX31,NKX3-1,ENSG00000167034,Nkx3-1,ENSMUSG00000022061,NKX3-1
NKX32_HUMAN.H11MO.0.C,NKX32,NKX3-2,ENSG00000109705,Nkx3-2,ENSMUSG00000049691,NKX3-2
NKX61_HUMAN.H11MO.0.B,NKX61,NKX6-1,ENSG00000163623,Nkx6-1,ENSMUSG00000035187,NKX6-1
NOBOX_HUMAN.H11MO.0.C,NOBOX,NOBOX,ENSG00000285328,,,NOBOX
NR1D1_HUMAN.H11MO.0.B,NR1D1,NR1D1,ENSG00000126368,Nr1d1,ENSMUSG00000020889,NR1D1
NR1H3_HUMAN.H11MO.0.B,NR1H3,NR1H3,ENSG00000025434,Nr1h3,ENSMUSG00000002108,NR1H3
NR1H4_HUMAN.H11MO.0.B,NR1H4,NR1H4,ENSG00000012504,Nr1h4,ENSMUSG00000047638,NR1H4
NR1I2_HUMAN.H11MO.0.C,NR1I2,NR1I2,ENSG00000144852,Nr1i2,ENSMUSG00000022809,NR1I2
NR1I3_HUMAN.H11MO.0.C,NR1I3,NR1I3,ENSG00000143257,Nr1i3,ENSMUSG00000005677,NR1I3
NR2C1_HUMAN.H11MO.0.C,NR2C1,NR2C1,ENSG00000120798,Nr2c1,ENSMUSG00000005897,NR2C1
NR2C2_HUMAN.H11MO.0.B,NR2C2,NR2C2,ENSG00000177463,Nr2c2,ENSMUSG00000005893,NR2C2
NR2E3_HUMAN.H11MO.0.C,NR2E3,NR2E3,ENSG00000278570,Nr2e3,ENSMUSG00000032292,NR2E3
NR4A1_HUMAN.H11MO.0.A,NR4A1,NR4A1,ENSG00000123358,Nr4a1,ENSMUSG00000023034,NR4A1
NR4A2_HUMAN.H11MO.0.C,NR4A2,NR4A2,ENSG00000153234,Nr4a2,ENSMUSG00000026826,NR4A2
NR5A2_HUMAN.H11MO.0.B,NR5A2,NR5A2,ENSG00000116833,Nr5a2,ENSMUSG00000026398,NR5A2
NR6A1_HUMAN.H11MO.0.B,NR6A1,NR6A1,ENSG00000148200,Nr6a1,ENSMUSG00000063972,NR6A1
NRF1_HUMAN.H11MO.0.A,NRF1,NRF1,ENSG00000106459,Nrf1,ENSMUSG00000058440,NRF1
OLIG2_HUMAN.H11MO.0.B,OLIG2,OLIG2,ENSG00000205927,Olig2,ENSMUSG00000039830,OLIG2
OSR2_HUMAN.H11MO.0.C,OSR2,OSR2,ENSG00000164920,Osr2,ENSMUSG00000022330,OSR2
OTX2_HUMAN.H11MO.0.A,OTX2,OTX2,ENSG00000165588,Otx2,ENSMUSG00000021848,OTX2
OVOL1_HUMAN.H11MO.0.C,OVOL1,OVOL1,ENSG00000172818,Ovol1,ENSMUSG00000024922,OVOL1
OZF_HUMAN.H11MO.0.C,OZF,ZNF146,ENSG00000167635,Zfp146,ENSMUSG00000037029,ZNF146
P53_HUMAN.H11MO.0.A,P53,TP53,ENSG00000141510,Trp53,ENSMUSG00000059552,TP53
P63_HUMAN.H11MO.0.A,P63,TP63,ENSG00000073282,Trp63,ENSMUSG00000022510,TP63
P73_HUMAN.H11MO.0.A,P73,TP73,ENSG00000078900,Trp73,ENSMUSG00000029026,TP73
PATZ1_HUMAN.H11MO.0.C,PATZ1,PATZ1,ENSG00000100105,Patz1,ENSMUSG00000020453,PATZ1
PAX5_HUMAN.H11MO.0.A,PAX5,PAX5,ENSG00000196092,Pax5,ENSMUSG00000014030,PAX5
PAX6_HUMAN.H11MO.0.C,PAX6,PAX6,ENSG00000007372,Pax6,ENSMUSG00000027168,PAX6
PBX1_HUMAN.H11MO.0.A,PBX1,PBX1,ENSG00000185630,Pbx1,ENSMUSG00000052534,PBX1
PBX2_HUMAN.H11MO.0.C,PBX2,PBX2,ENSG00000237344,,,PBX2
PBX3_HUMAN.H11MO.0.A,PBX3,PBX3,ENSG00000167081,Pbx3,ENSMUSG00000038718,PBX3
PDX1_HUMAN.H11MO.0.A,PDX1,PDX1,ENSG00000139515,Pdx1,ENSMUSG00000029644,PDX1
PEBB_HUMAN.H11MO.0.C,PEBB,CBFB,ENSG00000067955,Cbfb,ENSMUSG00000031885,CBFB
PIT1_HUMAN.H11MO.0.C,PIT1,POU1F1,ENSG00000064835,Pou1f1,ENSMUSG00000004842,POU1F1
PKNX1_HUMAN.H11MO.0.B,PKNX1,PKNOX1,ENSG00000160199,Pknox1,ENSMUSG00000006705,PKNOX1
PO2F1_HUMAN.H11MO.0.C,PO2F1,POU2F1,ENSG00000143190,Pou2f1,ENSMUSG00000026565,POU2F1
PO2F2_HUMAN.H11MO.0.A,PO2F2,POU2F2,ENSG00000028277,Pou2f2,ENSMUSG00000008496,POU2F2
PO3F1_HUMAN.H11MO.0.C,PO3F1,POU3F1,ENSG00000185668,Pou3f1,ENSMUSG00000090125,POU3F1
PO3F2_HUMAN.H11MO.0.A,PO3F2,POU3F2,ENSG00000184486,Pou3f2,ENSMUSG00000095139,POU3F2
PO5F1_HUMAN.H11MO.0.A,PO5F1,POU5F1,ENSG00000237582,,,POU5F1
PPARA_HUMAN.H11MO.0.B,PPARA,PPARA,ENSG00000186951,Ppara,ENSMUSG00000022383,PPARA
PPARG_HUMAN.H11MO.0.A,PPARG,PPARG,ENSG00000132170,Pparg,ENSMUSG00000000440,PPARG
PRD14_HUMAN.H11MO.0.A,PRD14,PRDM14,ENSG00000147596,Prdm14,ENSMUSG00000042414,PRDM14
PRDM1_HUMAN.H11MO.0.A,PRDM1,PRDM1,ENSG00000057657,Prdm1,ENSMUSG00000038151,PRDM1
PRDM6_HUMAN.H11MO.0.C,PRDM6,PRDM6,ENSG00000061455,Prdm6,ENSMUSG00000069378,PRDM6
PRGR_HUMAN.H11MO.0.A,PRGR,PGR,ENSG00000082175,Pgr,ENSMUSG00000031870,PGR
PRRX2_HUMAN.H11MO.0.C,PRRX2,PRRX2,ENSG00000167157,Prrx2,ENSMUSG00000039476,PRRX2
PTF1A_HUMAN.H11MO.0.B,PTF1A,PTF1A,ENSG00000168267,Ptf1a,ENSMUSG00000026735,PTF1A
RARA_HUMAN.H11MO.0.A,RARA,RARA,ENSG00000131759,Rara,ENSMUSG00000037992,RARA
RARG_HUMAN.H11MO.0.B,RARG,RARG,ENSG00000172819,Rarg,ENSMUSG00000001288,RARG
RELB_HUMAN.H11MO.0.C,RELB,RELB,ENSG00000104856,Relb,ENSMUSG00000002983,RELB
REL_HUMAN.H11MO.0.B,REL,REL,ENSG00000162924,Rel,ENSMUSG00000020275,REL
REST_HUMAN.H11MO.0.A,REST,REST,ENSG00000084093,Rest,ENSMUSG00000029249,REST
RFX1_HUMAN.H11MO.0.B,RFX1,RFX1,ENSG00000132005,Rfx1,ENSMUSG00000031706,RFX1
RFX2_HUMAN.H11MO.0.A,RFX2,RFX2,ENSG00000087903,Rfx2,ENSMUSG00000024206,RFX2
RFX3_HUMAN.H11MO.0.B,RFX3,RFX3,ENSG00000080298,Rfx3,ENSMUSG00000040929,RFX3
RFX5_HUMAN.H11MO.0.A,RFX5,RFX5,ENSG00000143390,Rfx5,ENSMUSG00000005774,RFX5
RORA_HUMAN.H11MO.0.C,RORA,RORA,ENSG00000069667,Rora,ENSMUSG00000032238,RORA
RORG_HUMAN.H11MO.0.C,RORG,RORC,ENSG00000143365,Rorc,ENSMUSG00000028150,RORC
RUNX1_HUMAN.H11MO.0.A,RUNX1,RUNX1,ENSG00000159216,Runx1,ENSMUSG00000022952,RUNX1
RUNX2_HUMAN.H11MO.0.A,RUNX2,RUNX2,ENSG00000124813,Runx2,ENSMUSG00000039153,RUNX2
RUNX3_HUMAN.H11MO.0.A,RUNX3,RUNX3,ENSG00000020633,Runx3,ENSMUSG00000070691,RUNX3
RXRA_HUMAN.H11MO.0.A,RXRA,RXRA,ENSG00000186350,Rxra,ENSMUSG00000015846,RXRA
RXRB_HUMAN.H11MO.0.C,RXRB,RXRB,ENSG00000206289,,,RXRB
RXRG_HUMAN.H11MO.0.B,RXRG,RXRG,ENSG00000143171,Rxrg,ENSMUSG00000015843,RXRG
SALL4_HUMAN.H11MO.0.B,SALL4,SALL4,ENSG00000101115,Sall4,ENSMUSG00000027547,SALL4
SIX1_HUMAN.H11MO.0.A,SIX1,SIX1,ENSG00000126778,Six1,ENSMUSG00000051367,SIX1
SIX2_HUMAN.H11MO.0.A,SIX2,SIX2,ENSG00000170577,Six2,ENSMUSG00000024134,SIX2
SMAD2_HUMAN.H11MO.0.A,SMAD2,SMAD2,ENSG00000175387,Smad2,ENSMUSG00000024563,SMAD2
SMAD3_HUMAN.H11MO.0.B,SMAD3,SMAD3,ENSG00000166949,Smad3,ENSMUSG00000032402,SMAD3
SMAD4_HUMAN.H11MO.0.B,SMAD4,SMAD4,ENSG00000141646,Smad4,ENSMUSG00000024515,SMAD4
SMCA1_HUMAN.H11MO.0.C,SMCA1,SMARCA1,ENSG00000102038,Smarca1,ENSMUSG00000031099,SMARCA1
SMCA5_HUMAN.H11MO.0.C,SMCA5,SMARCA5,ENSG00000153147,Smarca5,ENSMUSG00000031715,SMARCA5
SNAI1_HUMAN.H11MO.0.C,SNAI1,SNAI1,ENSG00000124216,Snai1,ENSMUSG00000042821,SNAI1
SNAI2_HUMAN.H11MO.0.A,SNAI2,SNAI2,ENSG00000019549,Snai2,ENSMUSG00000022676,SNAI2
SOX10_HUMAN.H11MO.0.B,SOX10,SOX10,ENSG00000100146,Sox10,ENSMUSG00000033006,SOX10
SOX17_HUMAN.H11MO.0.C,SOX17,SOX17,ENSG00000164736,Sox17,ENSMUSG00000025902,SOX17
SOX2_HUMAN.H11MO.0.A,SOX2,SOX2,ENSG00000181449,Sox2,ENSMUSG00000074637,SOX2
SOX3_HUMAN.H11MO.0.B,SOX3,SOX3,ENSG00000134595,Sox3,ENSMUSG00000045179,SOX3
SOX4_HUMAN.H11MO.0.B,SOX4,SOX4,ENSG00000124766,Sox4,ENSMUSG00000076431,SOX4
SOX5_HUMAN.H11MO.0.C,SOX5,SOX5,ENSG00000134532,Sox5,ENSMUSG00000041540,SOX5
SOX9_HUMAN.H11MO.0.B,SOX9,SOX9,ENSG00000125398,Sox9,ENSMUSG00000000567,SOX9
SP1_HUMAN.H11MO.0.A,SP1,SP1,ENSG00000185591,Sp1,ENSMUSG00000001280,SP1
SP2_HUMAN.H11MO.0.A,SP2,SP2,ENSG00000167182,Sp2,ENSMUSG00000018678,SP2
SP3_HUMAN.H11MO.0.B,SP3,SP3,ENSG00000172845,Sp3,ENSMUSG00000027109,SP3
SP4_HUMAN.H11MO.0.A,SP4,SP4,ENSG00000105866,Sp4,ENSMUSG00000025323,SP4
SPI1_HUMAN.H11MO.0.A,SPI1,SPI1,ENSG00000066336,Spi1,ENSMUSG00000002111,SPI1
SPIB_HUMAN.H11MO.0.A,SPIB,SPIB,ENSG00000269404,Spib,ENSMUSG00000008193,SPIB
SRBP1_HUMAN.H11MO.0.A,SRBP1,SREBF1,ENSG00000072310,Srebf1,ENSMUSG00000020538,SREBF1
SRBP2_HUMAN.H11MO.0.B,SRBP2,SREBF2,ENSG00000198911,Srebf2,ENSMUSG00000022463,SREBF2
SRF_HUMAN.H11MO.0.A,SRF,SRF,ENSG00000112658,Srf,ENSMUSG00000015605,SRF
SRY_HUMAN.H11MO.0.B,SRY,SRY,ENSG00000184895,Sry,ENSMUSG00000069036,SRY
STA5A_HUMAN.H11MO.0.A,STA5A,STAT5A,ENSG00000126561,Stat5a,ENSMUSG00000004043,STAT5A
STA5B_HUMAN.H11MO.0.A,STA5B,STAT5B,ENSG00000173757,Stat5b,ENSMUSG00000020919,STAT5B
STAT1_HUMAN.H11MO.0.A,STAT1,STAT1,ENSG00000115415,Stat1,ENSMUSG00000026104,STAT1
STAT2_HUMAN.H11MO.0.A,STAT2,STAT2,ENSG00000170581,Stat2,ENSMUSG00000040033,STAT2
STAT3_HUMAN.H11MO.0.A,STAT3,STAT3,ENSG00000168610,Stat3,ENSMUSG00000004040,STAT3
STAT4_HUMAN.H11MO.0.A,STAT4,STAT4,ENSG00000138378,Stat4,ENSMUSG00000062939,STAT4
STAT6_HUMAN.H11MO.0.B,STAT6,STAT6,ENSG00000166888,Stat6,ENSMUSG00000002147,STAT6
STF1_HUMAN.H11MO.0.B,STF1,NR5A1,ENSG00000136931,Nr5a1,ENSMUSG00000026751,NR5A1
SUH_HUMAN.H11MO.0.A,SUH,RBPJ,ENSG00000168214,Rbpj,ENSMUSG00000039191,RBPJ
TAF1_HUMAN.H11MO.0.A,TAF1,TAF1,ENSG00000147133,Taf1,ENSMUSG00000031314,TAF1
TAL1_HUMAN.H11MO.0.A,TAL1,TAL1,ENSG00000162367,Tal1,ENSMUSG00000028717,TAL1
TBP_HUMAN.H11MO.0.A,TBP,TBP,ENSG00000112592,Tbp,ENSMUSG00000014767,TBP
TBX21_HUMAN.H11MO.0.A,TBX21,TBX21,ENSG00000073861,Tbx21,ENSMUSG00000001444,TBX21
TBX3_HUMAN.H11MO.0.C,TBX3,TBX3,ENSG00000135111,Tbx3,ENSMUSG00000018604,TBX3
TCF7_HUMAN.H11MO.0.A,TCF7,TCF7,ENSG00000081059,Tcf7,ENSMUSG00000000782,TCF7
TEAD1_HUMAN.H11MO.0.A,TEAD1,TEAD1,ENSG00000187079,Tead1,ENSMUSG00000055320,TEAD1
TEAD4_HUMAN.H11MO.0.A,TEAD4,TEAD4,ENSG00000197905,Tead4,ENSMUSG00000030353,TEAD4
TF65_HUMAN.H11MO.0.A,TF65,RELA,ENSG00000173039,Rela,ENSMUSG00000024927,RELA
TF7L1_HUMAN.H11MO.0.B,TF7L1,TCF7L1,ENSG00000152284,Tcf7l1,ENSMUSG00000055799,TCF7L1
TF7L2_HUMAN.H11MO.0.A,TF7L2,TCF7L2,ENSG00000148737,Tcf7l2,ENSMUSG00000024985,TCF7L2
TFAP4_HUMAN.H11MO.0.A,TFAP4,TFAP4,ENSG00000090447,Tfap4,ENSMUSG00000005718,TFAP4
TFDP1_HUMAN.H11MO.0.C,TFDP1,TFDP1,ENSG00000198176,Tfdp1,ENSMUSG00000038482,TFDP1
TFE2_HUMAN.H11MO.0.A,TFE2,TCF3,ENSG00000071564,Tcf3,ENSMUSG00000020167,TCF3
TFE3_HUMAN.H11MO.0.B,TFE3,TFE3,ENSG00000068323,Tfe3,ENSMUSG00000000134,TFE3
TFEB_HUMAN.H11MO.0.C,TFEB,TFEB,ENSG00000112561,Tfeb,ENSMUSG00000023990,TFEB
TGIF1_HUMAN.H11MO.0.A,TGIF1,TGIF1,ENSG00000177426,Tgif1,ENSMUSG00000047407,TGIF1
THA11_HUMAN.H11MO.0.B,THA11,THAP11,ENSG00000168286,Thap11,ENSMUSG00000036442,THAP11
THAP1_HUMAN.H11MO.0.C,THAP1,THAP1,ENSG00000131931,Thap1,ENSMUSG00000037214,THAP1
THA_HUMAN.H11MO.0.C,THA,THRA,ENSG00000126351,Thra,ENSMUSG00000058756,THRA
THB_HUMAN.H11MO.0.C,THB,THRB,ENSG00000151090,Thrb,ENSMUSG00000021779,THRB
TWST1_HUMAN.H11MO.0.A,TWST1,TWIST1,ENSG00000122691,Twist1,ENSMUSG00000035799,TWIST1
TYY1_HUMAN.H11MO.0.A,TYY1,YY1,ENSG00000100811,Yy1,ENSMUSG00000021264,YY1
USF1_HUMAN.H11MO.0.A,USF1,USF1,ENSG00000158773,Usf1,ENSMUSG00000026641,USF1
USF2_HUMAN.H11MO.0.A,USF2,USF2,ENSG00000105698,Usf2,ENSMUSG00000058239,USF2
VDR_HUMAN.H11MO.0.A,VDR,VDR,ENSG00000111424,Vdr,ENSMUSG00000022479,VDR
VEZF1_HUMAN.H11MO.0.C,VEZF1,VEZF1,ENSG00000136451,Vezf1,ENSMUSG00000018377,VEZF1
WT1_HUMAN.H11MO.0.C,WT1,WT1,ENSG00000184937,Wt1,ENSMUSG00000016458,WT1
Z324A_HUMAN.H11MO.0.C,Z324A,ZNF324,ENSG00000083812,Zfp324,ENSMUSG00000004500,ZNF324
Z354A_HUMAN.H11MO.0.C,Z354A,ZNF354A,ENSG00000169131,Zfp354a,ENSMUSG00000020364,ZNF354A
ZBT14_HUMAN.H11MO.0.C,ZBT14,ZBTB14,ENSG00000198081,Zbtb14,ENSMUSG00000049672,ZBTB14
ZBT17_HUMAN.H11MO.0.A,ZBT17,ZBTB17,ENSG00000116809,Zbtb17,ENSMUSG00000006215,ZBTB17
ZBT18_HUMAN.H11MO.0.C,ZBT18,ZBTB18,ENSG00000179456,Zbtb18,ENSMUSG00000063659,ZBTB18
ZBT48_HUMAN.H11MO.0.C,ZBT48,ZBTB48,ENSG00000204859,Zbtb48,ENSMUSG00000028952,ZBTB48
ZBT7A_HUMAN.H11MO.0.A,ZBT7A,ZBTB7A,ENSG00000178951,Zbtb7a,ENSMUSG00000035011,ZBTB7A
ZBTB6_HUMAN.H11MO.0.C,ZBTB6,ZBTB6,ENSG00000186130,Zbtb6,ENSMUSG00000066798,ZBTB6
ZEB1_HUMAN.H11MO.0.A,ZEB1,ZEB1,ENSG00000148516,Zeb1,ENSMUSG00000024238,ZEB1
ZFP28_HUMAN.H11MO.0.C,ZFP28,ZFP28,ENSG00000196867,Zfp28,ENSMUSG00000062861,ZFP28
ZFP42_HUMAN.H11MO.0.A,ZFP42,ZFP42,ENSG00000179059,Zfp42,ENSMUSG00000051176,ZFP42
ZFP82_HUMAN.H11MO.0.C,ZFP82,ZFP82,ENSG00000181007,Zfp82,ENSMUSG00000098022,ZFP82
ZFX_HUMAN.H11MO.0.A,ZFX,ZFX,ENSG00000005889,,,ZFX
ZIC1_HUMAN.H11MO.0.B,ZIC1,ZIC1,ENSG00000152977,Zic1,ENSMUSG00000032368,ZIC1
ZIC3_HUMAN.H11MO.0.B,ZIC3,ZIC3,ENSG00000156925,Zic3,ENSMUSG00000067860,ZIC3
ZIM3_HUMAN.H11MO.0.C,ZIM3,ZIM3,ENSG00000141946,,,ZIM3
ZKSC1_HUMAN.H11MO.0.B,ZKSC1,ZKSCAN1,ENSG00000106261,Zkscan1,ENSMUSG00000029729,ZKSCAN1
ZN121_HUMAN.H11MO.0.C,ZN121,ZNF121,ENSG00000197961,Zfp560,ENSMUSG00000045519,ZNF121
ZN134_HUMAN.H11MO.0.C,ZN134,ZNF134,ENSG00000213762,Zfy2,ENSMUSG00000000103,ZNF134
ZN136_HUMAN.H11MO.0.C,ZN136,ZNF136,ENSG00000196646,,,ZNF136
ZN140_HUMAN.H11MO.0.C,ZN140,ZNF140,ENSG00000196387,,,ZNF140
ZN143_HUMAN.H11MO.0.A,ZN143,ZNF143,ENSG00000166478,Zfp143,ENSMUSG00000061079,ZNF143
ZN214_HUMAN.H11MO.0.C,ZN214,ZNF214,ENSG00000149050,,,ZNF214
ZN250_HUMAN.H11MO.0.C,ZN250,ZNF250,ENSG00000196150,Zfp647,ENSMUSG00000054967,ZNF250
ZN257_HUMAN.H11MO.0.C,ZN257,ZNF257,ENSG00000197134,,,ZNF257
ZN260_HUMAN.H11MO.0.C,ZN260,ZNF260,ENSG00000254004,Zfp260,ENSMUSG00000049421,ZNF260
ZN263_HUMAN.H11MO.0.A,ZN263,ZNF263,ENSG00000006194,Zfp263,ENSMUSG00000022529,ZNF263
ZN264_HUMAN.H11MO.0.C,ZN264,ZNF264,ENSG00000083844,,,ZNF264
ZN274_HUMAN.H11MO.0.A,ZN274,ZNF274,ENSG00000171606,Zfp369,ENSMUSG00000021514,ZNF274
ZN281_HUMAN.H11MO.0.A,ZN281,ZNF281,ENSG00000162702,Zfp281,ENSMUSG00000041483,ZNF281
ZN317_HUMAN.H11MO.0.C,ZN317,ZNF317,ENSG00000130803,Zfp317,ENSMUSG00000057551,ZNF317
ZN320_HUMAN.H11MO.0.C,ZN320,ZNF320,ENSG00000182986,,,ZNF320
ZN322_HUMAN.H11MO.0.B,ZN322,ZNF322,ENSG00000181315,Zfp322a,ENSMUSG00000046351,ZNF322
ZN329_HUMAN.H11MO.0.C,ZN329,ZNF329,ENSG00000181894,Zfp329,ENSMUSG00000057894,ZNF329
ZN331_HUMAN.H11MO.0.C,ZN331,ZNF331,ENSG00000130844,,,ZNF331
ZN335_HUMAN.H11MO.0.A,ZN335,ZNF335,ENSG00000198026,Zfp335,ENSMUSG00000039834,ZNF335
ZN341_HUMAN.H11MO.0.C,ZN341,ZNF341,ENSG00000131061,Zfp341,ENSMUSG00000059842,ZNF341
ZN350_HUMAN.H11MO.0.C,ZN350,ZNF350,ENSG00000256683,,,ZNF350
ZN382_HUMAN.H11MO.0.C,ZN382,ZNF382,ENSG00000161298,Zfp382,ENSMUSG00000074220,ZNF382
ZN384_HUMAN.H11MO.0.C,ZN384,ZNF384,ENSG00000126746,Zfp384,ENSMUSG00000038346,ZNF384
ZN394_HUMAN.H11MO.0.C,ZN394,ZNF394,ENSG00000160908,Zkscan14,ENSMUSG00000029627,ZNF394
ZN418_HUMAN.H11MO.0.C,ZN418,ZNF418,ENSG00000196724,Zfy2,ENSMUSG00000000103,ZNF418
ZN436_HUMAN.H11MO.0.C,ZN436,ZNF436,ENSG00000283009,,,ZNF436
ZN449_HUMAN.H11MO.0.C,ZN449,ZNF449,ENSG00000173275,Zfp449,ENSMUSG00000073176,ZNF449
ZN467_HUMAN.H11MO.0.C,ZN467,ZNF467,ENSG00000181444,Zfp467,ENSMUSG00000068551,ZNF467
ZN490_HUMAN.H11MO.0.C,ZN490,ZNF490,ENSG00000188033,,,ZNF490
ZN502_HUMAN.H11MO.0.C,ZN502,ZNF502,ENSG00000281448,,,ZNF502
ZN528_HUMAN.H11MO.0.C,ZN528,ZNF528,ENSG00000167555,,,ZNF528
ZN547_HUMAN.H11MO.0.C,ZN547,ZNF547,ENSG00000152433,,,ZNF547
ZN549_HUMAN.H11MO.0.C,ZN549,ZNF549,ENSG00000121406,Zfy2,ENSMUSG00000000103,ZNF549
ZN554_HUMAN.H11MO.0.C,ZN554,ZNF554,ENSG00000172006,Zfp78,ENSMUSG00000055150,ZNF554
ZN563_HUMAN.H11MO.0.C,ZN563,ZNF563,ENSG00000188868,,,ZNF563
ZN582_HUMAN.H11MO.0.C,ZN582,ZNF582,ENSG00000018869,Gm3854,ENSMUSG00000109398,ZNF582
ZN586_HUMAN.H11MO.0.C,ZN586,ZNF586,ENSG00000083828,Zfy2,ENSMUSG00000000103,ZNF586
ZN667_HUMAN.H11MO.0.C,ZN667,ZNF667,ENSG00000198046,Zfp667,ENSMUSG00000054893,ZNF667
ZN680_HUMAN.H11MO.0.C,ZN680,ZNF680,ENSG00000173041,,,ZNF680
ZN708_HUMAN.H11MO.0.C,ZN708,ZNF708,ENSG00000182141,,,ZNF708
ZN768_HUMAN.H11MO.0.C,ZN768,ZNF768,ENSG00000169957,Zfp768,ENSMUSG00000047371,ZNF768
ZN770_HUMAN.H11MO.0.C,ZN770,ZNF770,ENSG00000198146,Zfp770,ENSMUSG00000040321,ZNF770
ZN816_HUMAN.H11MO.0.C,ZN816,ZNF816,ENSG00000180257,,,ZNF816
ZNF18_HUMAN.H11MO.0.C,ZNF18,ZNF18,ENSG00000154957,Zkscan6,ENSMUSG00000018347,ZNF18
ZNF41_HUMAN.H11MO.0.C,ZNF41,ZNF41,ENSG00000147124,,,ZNF41
ZNF76_HUMAN.H11MO.0.C,ZNF76,ZNF76,ENSG00000065029,Zfp523,ENSMUSG00000024220,ZNF76
ZNF85_HUMAN.H11MO.0.C,ZNF85,ZNF85,ENSG00000105750,Zfp738,ENSMUSG00000048280,ZNF85
ZNF8_HUMAN.H11MO.0.C,ZNF8,ZNF8,ENSG00000278129,Zfp128,ENSMUSG00000060397,ZNF8
ZSC22_HUMAN.H11MO.0.C,ZSC22,ZSCAN22,ENSG00000182318,Zscan22,ENSMUSG00000054715,ZSCAN22
ZSC31_HUMAN.H11MO.0.C,ZSC31,ZSCAN31,ENSG00000235109,,,ZSCAN31
